{
  "z_start_mm": -1474.7904132231404,
  "z_end_mm": -1185.3895867768595,
  "slice_start": 97,
  "slice_end": 386,
  "fov": {
    "x_min": 102,
    "x_max": 410,
    "y_min": 97,
    "y_max": 387
  }
}